{
  "remote": true,
  "root": "c:\\build\\camotics",

  "env": {
    "TARGET_ARCH": "x86_64",
    "V8_HOME": "c:\\build\\v8-3.14.5",
    "QTDIR": "c:\\Qt\\5.6\\msvc2015_64"
  },

  "scons": {
    "disable_local": "libevent re2"
  },

  "modes": {
    "debug": {"env": {"V8_LIBPATH": "c:\\build\\v8-3.14.5\\obj\\debug"}},
    "release": {"env": {"V8_LIBPATH": "c:\\build\\v8-3.14.5\\obj\\release"}}
  },

  "projects": {
    "camotics": {"sign": true}
  },

  "images": {
    "camotics": {"projects": ["camotics"]}
  }
}
