{
  "name": "Robodrill",
  "model": "robodrill.tco",
  "tool": [0, 0, 1],
  "workpiece": [-1, -1, 0],

  "reverse_winding": true,
  "transform": [
    [1, 0, 0, 0],
    [0, -1, 0, 0],
    [0, 0, 1, 0],
    [0, 0, 0, 1]
  ],

  "parts": {
    "x": {
      "init": [0, 0, 0],
      "home": [0, 0, 0],
      "min": [-250, -200, 0],
      "max": [250, 200, 0],
      "movement": [-1, -1, 0]
    },

    "y": {
      "init": [0, 0, 0],
      "home": [0, 0, 0],
      "min": [0, -200, 0],
      "max": [0, 200, 0],
      "movement": [0, -1, 0]
    },

    "z": {
      "init": [0, 0, 0],
      "home": [0, 0, -105],
      "min": [0, 0, 0],
      "max": [0, 0, 330],
      "movement": [0, 0, 1]
    }
  }
}
