{
  "name": "Shapeoko 2",
  "model": "shapeoko_2.tco",
  "tool": [1, 1, 1],
  "workpiece": [0, 0, 0],

  "reverse_winding": true,
  "transform": [
    [1,  0, 0, -225],
    [0, -1, 0, 250],
    [0,  0, 1, 0],
    [0,  0, 0, 1]
  ],

  "parts": {
    "x": {
      "init": [58, 250, 0],
      "home": [225, 194, 0],
      "min": [-165, 0, 0],
      "max": [165, 0, 0],
      "movement": [1, 1, 0]
    },

    "y": {
      "init": [0, 250, 0],
      "home": [0, 194, 0],
      "min": [0, -165, 0],
      "max": [0, 165, 0],
      "movement": [0, 1, 0]
    },

    "z": {
      "init": [58, 250, 170],
      "home": [225, 194, 20],
      "min": [0, 0, 0],
      "max": [0, 0, 90],
      "movement": [1, 1, 1]
    }
  }
}
