{
  "name": "Taig Mini Mill",
  "model": "taig.tco",
  "tool": [0, 0, 1],
  "workpiece": [-1, -1, 0],

  "reverse_winding": true,
  "transform": [
    [1, 0, 0, 0],
    [0, -1, 0, 0],
    [0, 0, 1, 0],
    [0, 0, 0, 1]
  ],

  "parts": {
    "x": {
      "init": [-150, 70, 0],
      "home": [0, 0, 0],
      "min": [-150, -70, 0],
      "max": [150, 70, 0],
      "movement": [-1, -1, 0]
    },

    "y": {
      "init": [0, 70, 0],
      "home": [0, 0, 0],
      "min": [0, -70, 0],
      "max": [0, 70, 0],
      "movement": [0, -1, 0]
    },

    "z": {
      "init": [0, 0, 169],
      "home": [0, 0, 20],
      "min": [0, 0, 0],
      "max": [0, 0, 200],
      "movement": [0, 0, 1]
    }
  }
}
