{
  "name": "X-Carve",
  "model": "x-carve.tco",
  "tool": [1, 1, 1],
  "workpiece": [0, 0, 0],

  "reverse_winding": true,
  "transform": [
    [1, 0, 0, 0],
    [0, -1, 0, 75],
    [0, 0, 1, 0],
    [0, 0, 0, 1]
  ],

  "parts": {
    "x": {
      "init": [0, 0, 0],
      "home": [0, 0, 0],
      "min": [0, 0, 0],
      "max": [9, 0, 0],
      "movement": [1, 1, 0]
    },

    "y": {
      "init": [0, 0, 0],
      "home": [0, 0, 0],
      "min": [0, 0, 0],
      "max": [0, 0, 0],
      "movement": [0, 1, 0]
    },

    "z": {
      "init": [0, 0, 0],
      "home": [0, 0, 0],
      "min": [0, 0, 0],
      "max": [0, 0, 0],
      "movement": [1, 1, 1]
    }
  }
}
