{
  "project": "CAMotics",
  "url": "http://camotics.org/",
  "namespace": "camotics",
  "admin": "Joseph Coffland <joseph@camotics.org>",
  "ip": "192.168.10.15",
  "http-port": 8111,
  "github-port": 8112,
  "buildbot-port": 8113,

  "modes": {
    "debug": {"scons": {"debug": 1}},
    "release": {}
  },

  "projects": {
    "_default_": {
      "compile": ["scons", "-k"],
      "repo": {
        "type": "git",
        "branch": "master"
      }
    },

    "cbang": {
      "repo": {"url": "http://github.com/CauldronDevelopmentLLC/cbang"},
      "test": true
    },

    "camotics": {
      "repo": {"url": "http://github.com/CauldronDevelopmentLLC/camotics"},
      "deps": ["cbang"],
      "packages": ["package"],
      "summary": "CAMotics Open-Source Simulation & Computer Aided Machining"
    }
  }
}
