{
  "remote": true,
  "root": "/Users/buildbot/camotics",

  "env": {
    "PKG_CONFIG_PATH": "$HOME/build/pkgconfig",
    "V8_HOME": "$HOME/build/v8",
    "V8_LIBPATH": "$V8_HOME"
  },

  "scons": {
    "compiler": "clang",
    "ccflags": "-Wno-unused-local-typedef -DQT_INIT_METAOBJECT=''",
    "cxxflags": "-stdlib=libc++",
    "linkflags": "-stdlib=libc++",
    "cxxstd": "c++11",
    "disable_local": "libevent re2",
    "sse3": 1,
    "osx_min_ver": "10.7",
    "package_arch": "x86_64",
    "sign_keychain": "developer2.keychain",
    "sign_id_installer": "Developer ID Installer: Joseph Coffland (M9MP6KCS4V)",
    "sign_id_app": "Developer ID Application: Joseph Coffland (M9MP6KCS4V)",
    "sign_prefix": "org.camotics."
  },

  "images": {
    "camotics": {"projects": ["camotics"]}
  }
}
